,n_obs,cumulative_return,annualized_return,annualized_volatility,sharpe_ratio,max_drawdown,VaR_95,VaR_99,ES_95,ES_99,beta_to_spy,RAROC
Opt No-Short,293.0,0.28605094509096407,0.2415650724874816,0.18295620450875574,1.0640067337625538,-0.11964324583395403,0.014885178948920543,0.040471757560139925,0.028550273191179518,0.054081132611962734,0.5728453485167074,8.461042416999081
Opt Short,293.0,0.17530095267341772,0.1490343293598253,0.17778992413145014,0.6531462876797142,-0.13460843536385902,0.014371388566219173,0.03165644955387162,0.02726126860240735,0.05217595143062207,0.6102762632907308,5.466888996745536
Equal Weight,293.0,0.3383366686620708,0.2848572034097554,0.14552614930148078,1.530439386749141,-0.11097313439906542,0.012622936019123987,0.02016637464897,0.02050266340569566,0.04205373568786566,0.7589854140722954,13.893668240713634
SPY,293.0,0.3695517601698748,0.3105898195889998,0.1818130309276372,1.3659475167319421,-0.12052711698145402,0.015207867505537931,0.02837113880697044,0.025077202786852725,0.05054765988858834,0.9999999999999998,12.385345456146062
