,n_obs,cumulative_return,annualized_return,annualized_volatility,sharpe_ratio,max_drawdown,VaR_95,VaR_99,ES_95,ES_99,beta_to_spy,RAROC
Opt No-Short,299.0,0.21760875303067584,0.18050204049944862,0.13951993108785068,0.9782866461042159,-0.09355618460404369,0.011808621979327933,0.024326786663534754,0.021261105157842127,0.03989131131016077,0.45673445981602295,8.489776949947059
Opt Short,299.0,0.1689460648916168,0.14061168646793853,0.1468088051292905,0.702398773659033,-0.0926745698614071,0.014656205227947883,0.024905518957957118,0.021979836195055027,0.04053131392282888,0.45412559761631355,6.397303656865879
Equal Weight,299.0,0.21878402861740454,0.18146231437122995,0.1487682652602444,0.9314863644434539,-0.14525134857604094,0.013188669649293518,0.019313250504174578,0.020818233546193568,0.04205370658002544,0.7511569889036978,8.71650872628474
SPY,299.0,0.18094333601927004,0.15047007852321737,0.18834583532124238,0.6291191361330954,-0.18755246925491054,0.016619688426388203,0.027363649071644076,0.02639788370691713,0.05054753183233255,1.0,5.70008111990391
