,n_obs,cumulative_return,annualized_return,annualized_volatility,sharpe_ratio,max_drawdown,VaR_95,VaR_99,ES_95,ES_99,beta_to_spy,RAROC
Opt No-Short,299.0,0.217609006349738,0.18050224749270538,0.139520015848084,0.9782873956109522,-0.09355637762072877,0.01180863124077889,0.02432676085796258,0.02126111748496991,0.03989134723290686,0.4567343589972924,8.489781763367215
Opt Short,299.0,0.16894524372886544,0.14061101115983488,0.1468087490751084,0.702394959274096,-0.09267428063282002,0.014656272357248024,0.02490537771754127,0.021979840547413733,0.04053135074266903,0.4541246381355397,6.397271666121342
Equal Weight,299.0,0.21878404802714035,0.18146233022899927,0.14876829188568136,0.9314863128394697,-0.1452513987985633,0.013188669649293518,0.019313222567070985,0.020818234751224646,0.0420537192272147,0.7511566993883182,8.71650898346819
SPY,299.0,0.1809434569164583,0.15047017778722793,0.18834593452200526,0.6291193624598586,-0.1875523366664129,0.016619697322688233,0.027363653474127274,0.026397892046220325,0.05054765903444706,0.9999999999999998,5.700083079503782
