strategy_type,window,rebalance_freq,risk_cap_annual,val_sharpe,val_ES95,val_MDD,gate_passed,score
no_short,504,ME,0.1,1.334,0.0135,-0.0902,True,1.334371440420742
no_short,504,ME,0.12,1.242,0.0144,-0.0613,True,1.2420985077224944
no_short,504,QE,0.12,1.155,0.0149,-0.0651,True,1.1545974431305543
no_short,252,QE,0.1,1.033,0.0167,-0.0971,True,1.032674930791103
no_short,252,QE,0.12,1.015,0.0169,-0.0972,True,1.0145353521697265
no_short,504,QE,0.1,0.914,0.0141,-0.0902,True,0.9139164059622599
